call_id,scenario,agent,language,date,duration_seconds,outcome,recording_path,reviewer,notes
call_01,english_cooperative,aria,english,2026-09-22,62.02,transcribed,C:/Users/ashut/OneDrive/Desktop/Darwix_AI/Darwix-AI-Submission/recordings/luvvoice.com-20260922-0m4VPP.mp3,deepgram_asr,Deepgram Nova-3 transcript generated from actual stored recording.
call_02,english_objection,aria,english,2026-09-22,49.06,transcribed,C:/Users/ashut/OneDrive/Desktop/Darwix_AI/Darwix-AI-Submission/recordings/luvvoice.com-20260922-7n8HaC.mp3,deepgram_asr,Deepgram Nova-3 transcript generated from actual stored recording.
call_03,english_conflict,aria,english,2026-09-22,49.66,transcribed,C:/Users/ashut/OneDrive/Desktop/Darwix_AI/Darwix-AI-Submission/recordings/luvvoice.com-20260922-9kqdTo.mp3,deepgram_asr,Deepgram Nova-3 transcript generated from actual stored recording.
call_04,english_out_of_scope,aria,english,2026-09-22,61.87,transcribed,C:/Users/ashut/OneDrive/Desktop/Darwix_AI/Darwix-AI-Submission/recordings/luvvoice.com-20260922-AKziOU.mp3,deepgram_asr,Deepgram Nova-3 transcript generated from actual stored recording.
call_05,english_human_request,aria,english,2026-09-22,59.66,transcribed,C:/Users/ashut/OneDrive/Desktop/Darwix_AI/Darwix-AI-Submission/recordings/luvvoice.com-20260922-P3UE3v.mp3,deepgram_asr,Deepgram Nova-3 transcript generated from actual stored recording.
call_06,taglish_cooperative,maya,taglish,2026-09-22,52.42,transcribed,C:/Users/ashut/OneDrive/Desktop/Darwix_AI/Darwix-AI-Submission/recordings/luvvoice.com-20260922-pbB5QW.mp3,deepgram_asr,Deepgram Nova-3 transcript generated from actual stored recording.
call_07,taglish_escalation,maya,taglish,2026-09-22,45.94,transcribed,C:/Users/ashut/OneDrive/Desktop/Darwix_AI/Darwix-AI-Submission/recordings/luvvoice.com-20260922-R6AG7Z.mp3,deepgram_asr,Deepgram Nova-3 transcript generated from actual stored recording.
call_08,bahasa_cooperative,dewi,bahasa,2026-09-22,46.92,transcribed,C:/Users/ashut/OneDrive/Desktop/Darwix_AI/Darwix-AI-Submission/recordings/luvvoice.com-20260922-R6P5ov.mp3,deepgram_asr,Deepgram Nova-3 transcript generated from actual stored recording.
call_09,bahasa_escalation,dewi,bahasa,2026-09-22,51.65,transcribed,C:/Users/ashut/OneDrive/Desktop/Darwix_AI/Darwix-AI-Submission/recordings/luvvoice.com-20260922-V6hOzA.mp3,deepgram_asr,Deepgram Nova-3 transcript generated from actual stored recording.
